iter	RMSE
0	8.764462259
1	8.361052301
2	8.017728381
3	7.686214381
4	7.373408785
